File Name,Directory Path,URL,Upload Date and Time,File Size,MIME Type,Uploader Username,Upload Status
test_post_cat.jpg,testdata/cat.jpg,https://pixeldrain.com/u/123456,2024-05-16T23:28:10-05:00,37621,image/jpeg,,201
test_post_cat.jpg,testdata/cat.jpg,https://pixeldrain.com/u/123456,2024-05-16T23:32:04-05:00,37621,image/jpeg,,201
test_post_cat.jpg,testdata/cat.jpg,https://pixeldrain.com/u/123456,2024-05-16T23:34:12-05:00,37621,image/jpeg,,201
test_post_cat.jpg,testdata/cat.jpg,https://pixeldrain.com/u/123456,2024-05-16T23:35:51-05:00,37621,image/jpeg,,201
test_post_cat.jpg,testdata/cat.jpg,https://pixeldrain.com/u/123456,2024-05-16T23:37:51-05:00,37621,image/jpeg,,201
test_post_cat.jpg,testdata/cat.jpg,https://pixeldrain.com/u/KB2QhLjf,2024-05-16T23:38:54-05:00,37621,image/jpeg,5da3a2ce-54b1-46b7-9794-f8bbc8f35b59,201
test_post_cat.jpg,,https://pixeldrain.com/u/b7Pw3tJn,2024-05-16T23:38:55-05:00,0,,5da3a2ce-54b1-46b7-9794-f8bbc8f35b59,201
cat.jpg,testdata/cat.jpg,https://pixeldrain.com/u/123456,2024-05-17T01:20:07-05:00,37621,image/jpeg,,201
cat.jpg,testdata/cat.jpg,https://pixeldrain.com/u/123456,2024-05-17T01:21:44-05:00,37621,image/jpeg,,201
cat.jpg,testdata/cat.jpg,https://pixeldrain.com/u/123456,2024-05-17T01:30:17-05:00,37621,image/jpeg,,201
cat.jpg,testdata/cat.jpg,https://pixeldrain.com/u/123456,2024-05-17T01:32:12-05:00,37621,image/jpeg,,201
cat.jpg,testdata/cat.jpg,https://pixeldrain.com/u/123456,2024-05-17T01:32:15-05:00,37621,image/jpeg,,201
cat.jpg,testdata/cat.jpg,https://pixeldrain.com/u/9QrVDDv4,2024-05-17T01:32:50-05:00,37621,image/jpeg,5da3a2ce-54b1-46b7-9794-f8bbc8f35b59,201
test_post_cat.jpg,,https://pixeldrain.com/u/7HTz4hLs,2024-05-17T01:32:51-05:00,37621,image/jpeg,5da3a2ce-54b1-46b7-9794-f8bbc8f35b59,201
cat.jpg,testdata/cat.jpg,https://pixeldrain.com/u/k8jn7gyV,2024-05-17T01:47:15-05:00,37621,image/jpeg,5da3a2ce-54b1-46b7-9794-f8bbc8f35b59,201
test_post_cat.jpg,,https://pixeldrain.com/u/iMmViK3p,2024-05-17T01:47:16-05:00,37621,image/jpeg,5da3a2ce-54b1-46b7-9794-f8bbc8f35b59,201
cat.jpg,testdata/cat.jpg,https://pixeldrain.com/u/ywASirZL,2024-05-17T01:55:30-05:00,37621,image/jpeg,5da3a2ce-54b1-46b7-9794-f8bbc8f35b59,201
test_post_cat.jpg,,https://pixeldrain.com/u/Eg7xzt1d,2024-05-17T01:55:31-05:00,37621,image/jpeg,5da3a2ce-54b1-46b7-9794-f8bbc8f35b59,201
cat.jpg,testdata/cat.jpg,https://pixeldrain.com/u/tYJLJdNh,2024-05-17T01:59:26-05:00,37621,image/jpeg,5da3a2ce-54b1-46b7-9794-f8bbc8f35b59,201
test_post_cat.jpg,,https://pixeldrain.com/u/jx5b13Ru,2024-05-17T01:59:27-05:00,37621,image/jpeg,5da3a2ce-54b1-46b7-9794-f8bbc8f35b59,201
cat.jpg,testdata/cat.jpg,https://pixeldrain.com/u/4SEqAmU2,2024-05-17T02:00:56-05:00,37621,image/jpeg,5da3a2ce-54b1-46b7-9794-f8bbc8f35b59,201
test_post_cat.jpg,,https://pixeldrain.com/u/z9Vjdo6H,2024-05-17T02:00:57-05:00,37621,image/jpeg,5da3a2ce-54b1-46b7-9794-f8bbc8f35b59,201
cat.jpg,testdata/cat.jpg,https://pixeldrain.com/u/123456,2024-05-17T02:01:08-05:00,37621,image/jpeg,,201
cat.jpg,testdata/cat.jpg,https://pixeldrain.com/u/qEWT4Gx3,2024-05-17T02:02:34-05:00,37621,image/jpeg,5da3a2ce-54b1-46b7-9794-f8bbc8f35b59,201
test_post_cat.jpg,,https://pixeldrain.com/u/U9AcdN9R,2024-05-17T02:02:35-05:00,37621,image/jpeg,5da3a2ce-54b1-46b7-9794-f8bbc8f35b59,201
cat.jpg,testdata/cat.jpg,https://pixeldrain.com/u/123456,2024-05-17T02:11:29-05:00,37621,image/jpeg,,201
cat.jpg,testdata/cat.jpg,https://pixeldrain.com/u/sazhMhh5,2024-05-17T02:11:32-05:00,37621,image/jpeg,5da3a2ce-54b1-46b7-9794-f8bbc8f35b59,201
test_post_cat.jpg,,https://pixeldrain.com/u/EPN1Rv1t,2024-05-17T02:11:33-05:00,37621,image/jpeg,5da3a2ce-54b1-46b7-9794-f8bbc8f35b59,201
cat.jpg,testdata/cat.jpg,https://pixeldrain.com/u/cBfxeZh1,2024-05-17T02:14:29-05:00,37621,image/jpeg,5da3a2ce-54b1-46b7-9794-f8bbc8f35b59,201
test_post_cat.jpg,,https://pixeldrain.com/u/VbBcGrXW,2024-05-17T02:14:30-05:00,37621,image/jpeg,5da3a2ce-54b1-46b7-9794-f8bbc8f35b59,201
cat.jpg,testdata/cat.jpg,https://pixeldrain.com/u/7nnn2s53,2024-05-17T02:15:08-05:00,37621,image/jpeg,5da3a2ce-54b1-46b7-9794-f8bbc8f35b59,201
test_post_cat.jpg,,https://pixeldrain.com/u/ohcb88Gx,2024-05-17T02:15:08-05:00,37621,image/jpeg,5da3a2ce-54b1-46b7-9794-f8bbc8f35b59,201
cat.jpg,testdata/cat.jpg,https://pixeldrain.com/u/Gr7Ax21Y,2024-05-17T02:16:01-05:00,37621,image/jpeg,5da3a2ce-54b1-46b7-9794-f8bbc8f35b59,201
test_post_cat.jpg,,https://pixeldrain.com/u/L3K99pJg,2024-05-17T02:16:02-05:00,37621,image/jpeg,5da3a2ce-54b1-46b7-9794-f8bbc8f35b59,201
cat.jpg,testdata/cat.jpg,https://pixeldrain.com/u/123456,2024-05-17T02:21:22-05:00,37621,image/jpeg,,201
cat.jpg,testdata/cat.jpg,https://pixeldrain.com/u/f7yGHYGp,2024-05-17T02:21:28-05:00,37621,image/jpeg,5da3a2ce-54b1-46b7-9794-f8bbc8f35b59,201
test_post_cat.jpg,,https://pixeldrain.com/u/inTywYLz,2024-05-17T02:21:29-05:00,37621,image/jpeg,5da3a2ce-54b1-46b7-9794-f8bbc8f35b59,201
cat.jpg,testdata/cat.jpg,https://pixeldrain.com/u/123456,2024-05-17T02:23:26-05:00,37621,image/jpeg,,201
cat.jpg,testdata/cat.jpg,https://pixeldrain.com/u/8bpf7pua,2024-05-17T02:23:30-05:00,37621,image/jpeg,5da3a2ce-54b1-46b7-9794-f8bbc8f35b59,201
test_post_cat.jpg,,https://pixeldrain.com/u/oP3aEphZ,2024-05-17T02:23:31-05:00,37621,image/jpeg,5da3a2ce-54b1-46b7-9794-f8bbc8f35b59,201
test_post_cat.jpg,testdata/cat.jpg,https://pixeldrain.com/u/123456,2024-05-17T02:26:05-05:00,37621,image/jpeg,,201
test_post_cat.jpg,testdata/cat.jpg,https://pixeldrain.com/u/Gg8hseD4,2024-05-17T02:26:09-05:00,37621,image/jpeg,5da3a2ce-54b1-46b7-9794-f8bbc8f35b59,201
test_post_cat.jpg,,https://pixeldrain.com/u/xmETFSzE,2024-05-17T02:26:10-05:00,0,,5da3a2ce-54b1-46b7-9794-f8bbc8f35b59,201
test_post_cat.jpg,testdata/cat.jpg,https://pixeldrain.com/u/123456,2024-05-17T02:40:27-05:00,37621,image/jpeg,,201
test_post_cat.jpg,testdata/cat.jpg,https://pixeldrain.com/u/mzbZnXia,2024-05-17T02:40:42-05:00,37621,image/jpeg,5da3a2ce-54b1-46b7-9794-f8bbc8f35b59,201
test_post_cat.jpg,,https://pixeldrain.com/u/8xPkPhkc,2024-05-17T02:40:43-05:00,0,,5da3a2ce-54b1-46b7-9794-f8bbc8f35b59,201
test_post_cat.jpg,testdata/cat.jpg,https://pixeldrain.com/u/123456,2024-05-17T02:41:08-05:00,37621,image/jpeg,,201
test_post_cat.jpg,testdata/cat.jpg,https://pixeldrain.com/u/AE44XbnG,2024-05-17T02:41:08-05:00,37621,image/jpeg,5da3a2ce-54b1-46b7-9794-f8bbc8f35b59,201
test_post_cat.jpg,,https://pixeldrain.com/u/JT1r1iYi,2024-05-17T02:41:09-05:00,0,,5da3a2ce-54b1-46b7-9794-f8bbc8f35b59,201
cat.jpg,testdata/cat.jpg,https://pixeldrain.com/u/123456,2024-05-17T03:13:47-05:00,37621,image/jpeg,,201
cat.jpg,testdata/cat.jpg,https://pixeldrain.com/u/qFR3k2yF,2024-05-17T03:13:52-05:00,37621,image/jpeg,5da3a2ce-54b1-46b7-9794-f8bbc8f35b59,201
test_post_cat.jpg,,https://pixeldrain.com/u/fyZeDfmC,2024-05-17T03:13:53-05:00,37621,image/jpeg,5da3a2ce-54b1-46b7-9794-f8bbc8f35b59,201
cat.jpg,testdata/cat.jpg,https://pixeldrain.com/u/123456,2024-05-17T03:15:21-05:00,37621,image/jpeg,,201
cat.jpg,testdata/cat.jpg,https://pixeldrain.com/u/UScdfmPQ,2024-05-17T03:15:25-05:00,37621,image/jpeg,5da3a2ce-54b1-46b7-9794-f8bbc8f35b59,201
test_post_cat.jpg,,https://pixeldrain.com/u/2eA6MA4c,2024-05-17T03:15:26-05:00,37621,image/jpeg,5da3a2ce-54b1-46b7-9794-f8bbc8f35b59,201
cat.jpg,testdata/cat.jpg,https://pixeldrain.com/u/123456,2024-05-17T03:28:01-05:00,37621,image/jpeg,,201
cat.jpg,testdata/cat.jpg,https://pixeldrain.com/u/sz8zwyXq,2024-05-17T03:28:06-05:00,37621,image/jpeg,5da3a2ce-54b1-46b7-9794-f8bbc8f35b59,201
test_post_cat.jpg,N/A,https://pixeldrain.com/u/nDFUocoC,2024-05-17T03:28:07-05:00,37621,image/jpeg,5da3a2ce-54b1-46b7-9794-f8bbc8f35b59,201
cat.jpg,testdata/cat.jpg,https://pixeldrain.com/u/123456,2024-05-17T03:30:52-05:00,37621,image/jpeg,,201
cat.jpg,testdata/cat.jpg,https://pixeldrain.com/u/NRAjNbHF,2024-05-17T03:30:53-05:00,37621,image/jpeg,5da3a2ce-54b1-46b7-9794-f8bbc8f35b59,201
test_post_cat.jpg,N/A,https://pixeldrain.com/u/hAS6FEgH,2024-05-17T03:30:54-05:00,37621,image/jpeg,5da3a2ce-54b1-46b7-9794-f8bbc8f35b59,201
